name,city,lat,lng
ファミリーマート,さくら市,36.6821711,139.9744787
ファミリーマート,さくら市,36.6863808,139.956481
ファミリーマート,さくら市,36.6893425,139.969741
ファミリーマート,さくら市,36.6969049,139.9969394
ファミリーマート,さくら市,36.6986505,139.960612
ファミリーマート,さくら市,36.7125457,139.9456214
ファミリーマート,さくら市,36.7264776,139.9705995
ファミリーマート,さくら市,36.7272207,139.9548543
ファミリーマート さくら氏家店,さくら市,36.6686134,139.9742321
ヤマザキショップ,さくら市,36.7004254,139.9682015
ローソン,さくら市,36.6817764,139.9718702
ローソン,さくら市,36.6828846,139.9583428
ローソン,さくら市,36.7157789,140.0306251
ローソン 氏家卯の里,さくら市,36.6804285,139.9601661
ローソン 氏家桜野,さくら市,36.6885481,139.9819116
ファミリーマート,上三川町,36.450084,139.8792161
ファミリーマート,上三川町,36.4725947,139.9432952
ファミリーマート 上三川インター店,上三川町,36.4750834,139.9220445
ローソン,上三川町,36.4238596,139.8737676
ローソン 上三川西汗店,上三川町,36.4761534,139.9209076
セーブオン,下野市,36.369427,139.8432649
セーブオン,下野市,36.4342212,139.8581136
ファミリーマート,下野市,36.3692786,139.8772213
ファミリーマート,下野市,36.411583,139.8608162
ファミリーマート ワンダーグー下野店,下野市,36.4665001,139.8700928
ファミリーマート 下野下古山店,下野市,36.4527553,139.8613651
ファミリーマート 南河内祇園店,下野市,36.3877191,139.8631532
ファミリーマート 国分寺川中子店,下野市,36.3708723,139.8371327
ファミリーマート 岡本国分寺店,下野市,36.3863019,139.8419962
ファミリーマート 石橋工業団地店,下野市,36.4245925,139.8569863
ミニストップ,下野市,36.3825061,139.8396072
ミニストップ,下野市,36.4405996,139.8637885
ローソン,下野市,36.396103,139.86885
ローソン 下野下古山店,下野市,36.4592892,139.856303
ローソン 下野石橋店,下野市,36.436027,139.863412
セーブオン,佐野市,36.2822613,139.6067318
セーブオン佐野多田店,佐野市,36.3741933,139.5939142
セーブオン葛生北店,佐野市,36.4101919,139.6071903
セーブオン葛生南店,佐野市,36.3931815,139.6086236
ファミリーマート,佐野市,36.2967384,139.6046571
ファミリーマート,佐野市,36.2976319,139.5927807
ファミリーマート,佐野市,36.3451757,139.5686482
ミニストップ,佐野市,36.3113152,139.5652672
ヤマザキショップ,佐野市,36.4337731,139.5929367
ローソン,佐野市,36.2992717,139.5998345
ローソン,佐野市,36.2998952,139.5661176
ローソン,佐野市,36.3039621,139.5784453
ローソン,佐野市,36.3228622,139.5752068
ローソン,佐野市,36.3475267,139.5572012
ローソン,佐野市,36.3547649,139.5203577
ローソン,佐野市,36.3955086,139.5315834
ローソン 佐野大橋町店,佐野市,36.3138094,139.5658125
ファミリーマート 塩谷中央店,塩谷町,36.7768247,139.8139317
ローソン,塩谷町,36.7848617,139.8664081
デイリーヤマザキ,壬生町,36.4646904,139.8070972
ファミリーマート,壬生町,36.4721046,139.8329605
ファミリーマート,壬生町,36.4856913,139.8266612
ファミリーマート,壬生町,36.4949074,139.8161559
ファミリーマート 壬生上田店,壬生町,36.4947695,139.8159603
ファミリーマート 壬生国谷店,壬生町,36.4543135,139.8014611
ミニストップ,壬生町,36.4627474,139.8427122
ローソン 壬生町壬生乙店,壬生町,36.420725,139.794024
ローソン 壬生至宝二丁目店,壬生町,36.4568594,139.825008
道の駅ときめきステーション,壬生町,36.455256,139.806758
ファミリーマート,大田原市,36.7867742,140.0105701
ファミリーマート,大田原市,36.8563663,140.0280744
ファミリーマート,大田原市,36.8583019,140.0144888
ファミリーマート,大田原市,36.8708462,140.0090953
ファミリーマート 大田原北金丸店,大田原市,36.8727509,140.0738847
ファミリーマート 大田原南金丸店,大田原市,36.8597427,140.0962443
ファミリーマート 大田原小滝店,大田原市,36.8922196,140.0570677
ファミリーマート 湯津上村店,大田原市,36.8120059,140.0894818
ヤマザキショップ,大田原市,36.8434861,140.199181
NewDays,宇都宮市,36.5585659,139.8979617
ココストア 宇都宮江曽島店,宇都宮市,36.5262115,139.8709731
サンクス,宇都宮市,36.5866972,139.9205545
デイリーヤマザキ,宇都宮市,36.5572233,139.8956965
ファミリーマート,宇都宮市,36.4869239,139.8648666
ファミリーマート,宇都宮市,36.4919479,139.8651169
ファミリーマート,宇都宮市,36.49463,139.8605121
ファミリーマート,宇都宮市,36.5160491,139.8482739
ファミリーマート,宇都宮市,36.5298862,139.9213674
ファミリーマート,宇都宮市,36.5299209,139.9214173
ファミリーマート,宇都宮市,36.5360949,139.9698364
ファミリーマート,宇都宮市,36.5361109,139.9698342
ファミリーマート,宇都宮市,36.5429185,139.8901076
ファミリーマート,宇都宮市,36.5452091,139.8969331
ファミリーマート,宇都宮市,36.5452157,139.8969162
ファミリーマート,宇都宮市,36.5462938,139.8776592
ファミリーマート,宇都宮市,36.550556,139.9002348
ファミリーマート,宇都宮市,36.551203,139.8741874
ファミリーマート,宇都宮市,36.5522302,139.9081475
ファミリーマート,宇都宮市,36.5559524,139.8684951
ファミリーマート,宇都宮市,36.555983,139.8874699
ファミリーマート,宇都宮市,36.5574146,139.8745695
ファミリーマート,宇都宮市,36.557831,139.9004066
ファミリーマート,宇都宮市,36.5590783,139.8979793
ファミリーマート,宇都宮市,36.5606865,139.890226
ファミリーマート,宇都宮市,36.5614661,139.896782
ファミリーマート,宇都宮市,36.5624735,139.8663706
ファミリーマート,宇都宮市,36.5641463,139.8697824
ファミリーマート,宇都宮市,36.5645659,139.905081
ファミリーマート,宇都宮市,36.5669053,139.8949796
ファミリーマート,宇都宮市,36.5679325,139.9876956
ファミリーマート,宇都宮市,36.5704341,139.9239012
ファミリーマート,宇都宮市,36.5720914,139.8775381
ファミリーマート,宇都宮市,36.5751009,139.8961925
ファミリーマート,宇都宮市,36.5752349,139.8526805
ファミリーマート,宇都宮市,36.5758081,139.8756264
ファミリーマート,宇都宮市,36.5782783,139.9079311
ファミリーマート,宇都宮市,36.5830896,139.9509233
ファミリーマート,宇都宮市,36.5860149,139.9007811
ファミリーマート,宇都宮市,36.5950457,139.7999514
ファミリーマート,宇都宮市,36.6073211,139.8562285
ファミリーマート,宇都宮市,36.6118469,139.9373823
ファミリーマート,宇都宮市,36.6276272,139.8522325
ファミリーマート,宇都宮市,36.6317866,139.8474706
ファミリーマート 宇都宮下小倉店,宇都宮市,36.6858071,139.9230554
ファミリーマート 宇都宮中岡本町店,宇都宮市,36.6058343,139.9619574
ファミリーマート 宇都宮市文化会館前店,宇都宮市,36.5457822,139.8694602
ファミリーマート 宇都宮徳次郎店,宇都宮市,36.6393798,139.8345587
ファミリーマート 宇都宮白沢店,宇都宮市,36.6305993,139.9361176
ファミリーマート 宇都宮砥上町店,宇都宮市,36.55051,139.839024
ファミリーマート 宇都宮羽牛田店,宇都宮市,36.485021,139.8770529
ファミリーマート 宇都宮駅前店,宇都宮市,36.5582644,139.9011413
ファミリーマート 宮環上戸祭店,宇都宮市,36.5927611,139.8721391
ファミリーマート 河内上田原店,宇都宮市,36.6434809,139.9044697
ファミリーマート宇都宮竹下町店,宇都宮市,36.5578354,139.9735248
ファミリーマート東峰町店,宇都宮市,36.5445492,139.9188746
ミニストップ,宇都宮市,36.5356975,139.8889519
ミニストップ,宇都宮市,36.543267,139.904029
ミニストップ,宇都宮市,36.5449495,139.9082654
ミニストップ,宇都宮市,36.550704,139.914868
ミニストップ,宇都宮市,36.553314,139.9331374
ミニストップ,宇都宮市,36.5691784,139.9049547
ミニストップ,宇都宮市,36.6059154,139.9164312
ミニストップ,宇都宮市,36.6059372,139.9164666
ローソン,宇都宮市,36.4774461,139.898259
ローソン,宇都宮市,36.4921282,139.8551517
ローソン,宇都宮市,36.4944238,139.914586
ローソン,宇都宮市,36.496559,139.8547511
ローソン,宇都宮市,36.5082581,139.9670106
ローソン,宇都宮市,36.5175861,139.927039
ローソン,宇都宮市,36.5256847,139.8799566
ローソン,宇都宮市,36.5275149,139.8650489
ローソン,宇都宮市,36.5315747,139.9923853
ローソン,宇都宮市,36.5315847,139.9923592
ローソン,宇都宮市,36.5323321,139.9771594
ローソン,宇都宮市,36.5323567,139.9771425
ローソン,宇都宮市,36.5334997,139.8703197
ローソン,宇都宮市,36.5370703,139.9146477
ローソン,宇都宮市,36.5371134,139.9146511
ローソン,宇都宮市,36.5389532,139.9068336
ローソン,宇都宮市,36.5444651,139.8805785
ローソン,宇都宮市,36.545838,139.935656
ローソン,宇都宮市,36.5465767,139.8717737
ローソン,宇都宮市,36.5479342,139.9275028
ローソン,宇都宮市,36.5495752,139.8660919
ローソン,宇都宮市,36.5495806,139.8660629
ローソン,宇都宮市,36.5525525,139.8876953
ローソン,宇都宮市,36.556114,139.8797388
ローソン,宇都宮市,36.5584943,139.9074997
ローソン,宇都宮市,36.5636821,139.8524694
ローソン,宇都宮市,36.5636823,139.8524764
ローソン,宇都宮市,36.5657896,139.9053596
ローソン,宇都宮市,36.5703635,139.9230307
ローソン,宇都宮市,36.5740762,139.9908228
ローソン,宇都宮市,36.5797303,139.8622618
ローソン,宇都宮市,36.581295,139.8676479
ローソン,宇都宮市,36.5873002,139.8438975
ローソン,宇都宮市,36.5898378,139.924884
ローソン,宇都宮市,36.5898595,139.858947
ローソン,宇都宮市,36.5951903,139.9361525
ローソン,宇都宮市,36.6026009,139.9327512
ローソン,宇都宮市,36.6045794,139.9010682
ローソン,宇都宮市,36.6132369,139.9431431
ローソン,宇都宮市,36.6178827,139.8383317
ローソン 宇都宮4号御幸店,宇都宮市,36.5829448,139.9256995
ローソン 宇都宮下栗町,宇都宮市,36.523373,139.9004532
ローソン 宇都宮問屋町,宇都宮市,36.536781,139.9213666
ローソン 宇都宮平塚町,宇都宮市,36.4944301,139.9146696
ローソン 宇都宮星が丘店,宇都宮市,36.5684871,139.8744478
ローソン 宇都宮瑞穂二丁目,宇都宮市,36.5071508,139.9203437
ローソン 宇都宮白沢町,宇都宮市,36.6299984,139.9367671
ローソン 宇都宮竹下,宇都宮市,36.5545462,139.972504
ローソン 宇都宮若松原三丁目店,宇都宮市,36.4990689,139.8626832
ローソン 宇都宮雀の宮一丁目店,宇都宮市,36.4936393,139.8764442
ローソン 宇都宮鶴田三丁目,宇都宮市,36.5631424,139.8483376
鈴功商店,宇都宮市,36.5960228,139.7999941
ファミリーマート,小山市,36.2558009,139.7530216
ファミリーマート,小山市,36.2584873,139.756623
ファミリーマート,小山市,36.2585246,139.7566377
ファミリーマート,小山市,36.2586828,139.7758868
ファミリーマート,小山市,36.2843177,139.8093706
ファミリーマート,小山市,36.2982587,139.7933402
ファミリーマート,小山市,36.3170121,139.7918737
ファミリーマート,小山市,36.3283731,139.8226323
ファミリーマート,小山市,36.3316536,139.7862952
ファミリーマート 小山中久喜店,小山市,36.3184211,139.8466377
ファミリーマート 小山八幡町店,小山市,36.3083176,139.7962129
ファミリーマート 小山南乙女店,小山市,36.2557271,139.7529887
ファミリーマート 小山田間店,小山市,36.2677189,139.8266967
ファミリーマート 小山神鳥谷店,小山市,36.2981124,139.793331
ファミリーマート 小山総合公園前店,小山市,36.3002505,139.7863695
ファミリーマート 小山羽川店,小山市,36.3546404,139.8197808
ミニストップ,小山市,36.28991,139.8125425
ミニストップ,小山市,36.3331406,139.8436057
ミニストップ 小山本郷店,小山市,36.3176243,139.8030763
ローソン,小山市,36.2813102,139.8306042
ローソン,小山市,36.2994211,139.8136058
ローソン,小山市,36.3106397,139.8072224
ローソン,小山市,36.3177223,139.871577
ローソン,小山市,36.3214413,139.8386248
ローソン,小山市,36.3265996,139.8193531
ローソン,小山市,36.3534081,139.8547153
ローソン 小山喜沢東店,小山市,36.3471174,139.8345085
ローソン 小山西城南三丁目店,小山市,36.2952924,139.8045429
ローソン 小山間々田店,小山市,36.27625,139.7728837
ローソン 小山駅東通り二丁目店,小山市,36.3100682,139.8122601
ファミリーマート,市貝町,36.5123136,140.0613069
ファミリーマート 市貝店,市貝町,36.5329758,140.0944609
ローソン 市貝市塙店,市貝町,36.5463,140.1215314
Save on,日光市,36.7940014,139.7010415
Save on,日光市,36.8345248,139.7172379
やまざきショップ (Yamazaki Shop),日光市,36.8331085,139.7184467
セーブオン,日光市,36.7539371,139.5944174
ファミリーマート,日光市,36.7231514,139.6890039
ファミリーマート,日光市,36.7351275,139.798793
ファミリーマート,日光市,36.7365521,139.5628329
ファミリーマート,日光市,36.7435148,139.7065399
ファミリーマート,日光市,36.7481566,139.6171807
ファミリーマート,日光市,36.7494565,139.7347981
ファミリーマート 今市大沢店,日光市,36.6904795,139.7617225
ファミリーマート 日光高徳店,日光市,36.7881238,139.7060532
ミニストップ,日光市,36.7067652,139.7460468
ヤマザキショップ,日光市,36.7949538,139.4288765
ローソン,日光市,36.6898948,139.754614
ローソン,日光市,36.7045356,139.7241961
ローソン,日光市,36.7381148,139.5641684
ローソン,日光市,36.7738965,139.7103456
ローソン,日光市,36.8264303,139.7188354
ローソン,日光市,36.8316497,139.7167396
ローソン,日光市,36.8322437,139.7162204
ローソン 日光所野店,日光市,36.7458245,139.6518416
ローソン 日光東照宮前店,日光市,36.7540993,139.5953978
ローソン 足尾店,日光市,36.6670407,139.4747609
川田屋,日光市,36.6540419,139.4497578
Ｙショップ くらさわ,日光市,36.6373893,139.441714
Ethnic Maruma,栃木市,36.3737959,139.7304065
NewDays,栃木市,36.371766,139.73122
サンクス,栃木市,36.319152,139.6597843
セーブオン,栃木市,36.294253,139.7138393
セーブオン 栃木吹上店,栃木市,36.410225,139.7032612
セーブオン西方バイパス店,栃木市,36.4600221,139.7347779
ファミリーマート,栃木市,36.2670216,139.6539159
ファミリーマート,栃木市,36.2798236,139.7087827
ファミリーマート,栃木市,36.3157819,139.7041926
ファミリーマート,栃木市,36.3657642,139.7323606
ファミリーマート,栃木市,36.3778698,139.7237376
ファミリーマート,栃木市,36.3865907,139.7664785
ファミリーマート,栃木市,36.3911438,139.7895745
ファミリーマート,栃木市,36.39886,139.721115
ファミリーマート,栃木市,36.4321544,139.6785995
ファミリーマート ベツイ栃木大塚店,栃木市,36.4011136,139.7733331
ファミリーマート 栃木倭町店,栃木市,36.3779824,139.7336893
ファミリーマート 栃木大平町店,栃木市,36.3379967,139.6974087
ファミリーマート 栃木大橋店,栃木市,36.4386855,139.7193314
ファミリーマート 栃木西方店,栃木市,36.4551323,139.7275294
ミニストップ 栃木インター店,栃木市,36.4093972,139.703374
ローソン,栃木市,36.2715684,139.6550941
ローソン,栃木市,36.330956,139.6920401
ローソン,栃木市,36.3452459,139.7065478
ローソン,栃木市,36.3627163,139.7221341
ローソン,栃木市,36.3722054,139.7207428
ファミリーマート,益子町,36.4630647,140.0789566
ファミリーマート,益子町,36.4940779,140.0919504
ローソン 益子七井店,益子町,36.4923336,140.1038534
イリエメガネ,真岡市,36.4425045,139.9995412
ファミリーマート,真岡市,36.3881779,139.965092
ローソン,真岡市,36.4374168,139.9871549
ローソン,真岡市,36.4388055,140.0195109
ローソン,真岡市,36.4565895,140.0417802
金子電機,真岡市,36.4418072,139.9959171
ファミリーマート,矢板市,36.7618495,139.9393269
ファミリーマート,矢板市,36.7901948,139.9470706
ファミリーマート,矢板市,36.7944244,139.9372901
ファミリーマート,矢板市,36.8072022,139.9198155
ファミリーマート,矢板市,36.8093339,139.9364398
ローソン,矢板市,36.7603974,139.9460848
ローソン,矢板市,36.8083133,139.9412544
ローソン,矢板市,36.8213228,139.9180734
ファミリーマート 芳賀西水沼店,芳賀町,36.5256308,140.0263303
モンマートぬまのう,芳賀町,36.557244,140.0295991
STEP-1,茂木町,36.5321357,140.2031904
セーブオン,足利市,36.3144382,139.5324017
セーブオン足利大前店,足利市,36.3515784,139.3994104
ファミリーマート,足利市,36.3076903,139.4480722
ファミリーマート,足利市,36.3279117,139.4589739
ファミリーマート,足利市,36.3291367,139.4304261
ファミリーマート,足利市,36.3358715,139.4678492
ファミリーマート,足利市,36.3720619,139.3804244
ファミリーマート 足利今福町店,足利市,36.33576,139.4299473
ミニストップ,足利市,36.3159239,139.4404184
ヤマザキショップ,足利市,36.4147666,139.4355635
ヤマザキデイリーストアー 足利鹿島町店,足利市,36.3469398,139.4073392
ローソン,足利市,36.2890046,139.5025574
ローソン,足利市,36.3027357,139.4738786
ローソン,足利市,36.3053692,139.4646198
ローソン,足利市,36.3070825,139.5008233
ローソン,足利市,36.317973,139.496278
ローソン,足利市,36.3182159,139.4522356
ローソン,足利市,36.3248829,139.4424519
ローソン,足利市,36.3250471,139.432833
ローソン,足利市,36.3303333,139.4669175
ローソン,足利市,36.337328,139.442455
ローソン,足利市,36.3405271,139.4348142
ローソン,足利市,36.347671,139.475547
ローソン,足利市,36.3657815,139.3898468
ファミリーマート 那須那珂川店,那珂川町,36.7676708,140.1274489
ローソン,那珂川町,36.7334005,140.1612872
ローソン,那珂川町,36.7579471,140.1118236
キャプテンハウスいせや,那須塩原市,36.9569218,140.0719334
ファミリーマート,那須塩原市,36.8464742,139.9951619
ファミリーマート,那須塩原市,36.8519181,139.9914726
ファミリーマート,那須塩原市,36.86731,139.951562
ファミリーマート,那須塩原市,36.8722179,139.9918322
ファミリーマート,那須塩原市,36.8912075,139.9669789
ファミリーマート,那須塩原市,36.92528,140.0188343
ファミリーマート,那須塩原市,36.9775358,139.8081998
ファミリーマート 那須塩原井口,那須塩原市,36.9185243,139.9738177
ファミリーマート 那須塩原鍋掛店,那須塩原市,36.9402582,140.0973918
ファミリーマート那須塩原上厚崎店,那須塩原市,36.9561053,140.0315778
ファミリーマート那須塩原住吉町店,那須塩原市,36.967074,140.0528568
ファミリーマート那須塩原新緑町店,那須塩原市,36.9700544,140.0367852
ファミリーマート那須塩原豊浦バイパス店,那須塩原市,36.9514726,140.0536327
ファミリーマート那須塩原豊浦北町店,那須塩原市,36.9776974,140.0412898
ファミリーマート那須塩原豊浦店,那須塩原市,36.9641047,140.0596511
ファミリーマート那須塩原黒磯バイパス店,那須塩原市,36.9732605,140.0682315
ミニストップ,那須塩原市,36.8668847,139.9816036
ミニストップ 那須塩原唐杉店,那須塩原市,36.9549712,140.002635
ヤマザキショップ いますや,那須塩原市,36.9422924,140.1002689
ヤマザキデイリーストア,那須塩原市,36.9712321,140.0483079
ローソン,那須塩原市,36.8384523,139.9830422
ローソン,那須塩原市,36.8629349,139.9694078
ローソン,那須塩原市,36.8671377,140.0021849
ローソン,那須塩原市,36.8833441,139.9890406
ローソン,那須塩原市,36.8843591,139.9687505
ローソン 那須塩原埼玉店,那須塩原市,36.9805605,140.0298803
ローソン 那須塩原東三島五丁目店,那須塩原市,36.9016796,139.9802139
ローソン 那須塩原松浦町店,那須塩原市,36.9670235,140.0377661
ローソン那須塩原清住町店,那須塩原市,36.9691957,140.0439736
ローソン那須塩原豊浦南町店,那須塩原市,36.9604204,140.0417467
ローソン那須塩原鍋掛店,那須塩原市,36.9523623,140.0793925
ローソン黒磯下厚崎店,那須塩原市,36.9497865,140.0380258
山崎ストアTAKASE,那須塩原市,36.9713785,140.0588666
あたらしや,那須烏山市,36.6595887,140.0937722
ファミリーマート,那須烏山市,36.6602413,140.0642946
ファミリーマート,那須烏山市,36.7192264,140.0675392
ファミリーマート 那須烏山野上店,那須烏山市,36.6362451,140.1529432
ローソン 那須烏山旭一丁目東店,那須烏山市,36.6541093,140.1640289
ファミリーマート 那須街道店,那須町,37.0618607,140.0122073
ファミリーマート漆塚南店,那須町,37.0281518,140.0931729
ファミリーマート那須黒田原店,那須町,37.0199566,140.1185604
ローソン那須インター店,那須町,37.0038117,140.0353303
ファミリーマート,野木町,36.2097871,139.7228105
ローソン,野木町,36.221475,139.7299318
ローソン,野木町,36.2278063,139.7372315
ローソン,野木町,36.2359106,139.7260406
ローソン,野木町,36.2359514,139.7260569
ファミリーマート,高根沢町,36.6156451,139.995742
ファミリーマート,高根沢町,36.6417624,140.0010249
ローソン,高根沢町,36.621141,139.9923951
ローソン,高根沢町,36.624224,139.9897546
ローソン 高根沢廻谷,高根沢町,36.5963245,140.0356203
ローソン宝積寺店,高根沢町,36.6251578,139.9814187
セーブオン粟野店,鹿沼市,36.5174796,139.6798662
ファミリーマート,鹿沼市,36.5418349,139.7887092
ファミリーマート,鹿沼市,36.5508117,139.747487
ファミリーマート,鹿沼市,36.5607412,139.7720114
ファミリーマート 鹿沼インター店,鹿沼市,36.5323661,139.8001546
ファミリーマート粟野町店,鹿沼市,36.5151929,139.6925523
ファミリーマート鹿沼仁神堂店,鹿沼市,36.5819737,139.7691221
ファミリーマート鹿沼千渡店,鹿沼市,36.5644339,139.7916955
ファミリーマート鹿沼富岡店,鹿沼市,36.6022544,139.7426279
ミニストップ,鹿沼市,36.5366639,139.7441091
ミニストップ,鹿沼市,36.5485923,139.7670551
ミニストップ,鹿沼市,36.5490375,139.7667767
ミニストップ,鹿沼市,36.5571633,139.7531006
ヤマザキショップ,鹿沼市,36.6419733,139.6969022
ローソン,鹿沼市,36.5273986,139.7772492
ローソン,鹿沼市,36.5526475,139.7793656
ローソン,鹿沼市,36.5675987,139.7516169
ローソン,鹿沼市,36.5873507,139.7483586
ローソン 西茂呂三丁目店,鹿沼市,36.5443605,139.7682395
セブン‐イレブン 鹿沼奈佐原店,鹿沼市,36.51669418888889,139.7523799472222
セブン‐イレブン 栃木川原田町店,栃木市,36.40021195,139.73454844166667
セブン‐イレブン 宇都宮駅前店,宇都宮市,36.55962643055556,139.8965483
セブン‐イレブン 南宇都宮店,宇都宮市,36.543647130555556,139.87404999722224
セブン‐イレブン 小山横倉新田店,小山市,36.28176499166666,139.82635986388888
セブン‐イレブン 岩舟曲ケ島店,栃木市,36.30440604166667,139.68993905
セブン‐イレブン 宇都宮小幡店,宇都宮市,36.56275847777778,139.87286552222224
セブン‐イレブン 宇都宮森林公園入口店,宇都宮市,36.59575821944444,139.80059214444447
セブン‐イレブン 足利５０バイパス店,足利市,36.30309242222222,139.47202201388887
セブン‐イレブン 栃木箱森店,栃木市,36.38885397222222,139.71991143055556
セブン‐イレブン 宇都宮駅東口店,宇都宮市,36.55864348888889,139.90214175555556
セブン‐イレブン 宇都宮池上店,宇都宮市,36.56190847777778,139.88083212222224
セブン‐イレブン 黒磯下厚崎店,那須塩原市,36.956217655555555,140.04536707777777
セブン‐イレブン 宇都宮若草店,宇都宮市,36.58797981388889,139.85540789444445
セブン‐イレブン 二宮バイパス店,真岡市,36.37285730277778,139.96349082777778
セブン‐イレブン 栃木蔵の街店,栃木市,36.378874797222224,139.7259515861111
セブン‐イレブン 真岡バイパス店,真岡市,36.43544705277778,140.01555865
セブン‐イレブン 那須インター店,那須町,37.00791976666667,140.031745825
セブン‐イレブン 西那須野南店,那須塩原市,36.847376894444444,139.978599825
セブン‐イレブン 下野氏家勝山店,さくら市,36.66113805,139.9568524611111
セブン‐イレブン 足利東武駅前店,足利市,36.328729108333334,139.44824019166668
セブン‐イレブン 下野野木西口店,野木町,36.23077331388889,139.734978675
セブン‐イレブン 河内中岡本店,宇都宮市,36.613043797222225,139.94834254166668
セブン‐イレブン 那須関谷店,那須塩原市,36.95393867222222,139.9016494611111
セブン‐イレブン 下野自治医大店,下野市,36.395321216666666,139.85893270833333
セブン‐イレブン 宇都宮瑞穂野店,宇都宮市,36.50659889166666,139.92117311666667
セブン‐イレブン 真岡熊倉店,真岡市,36.45016711111111,140.00218999166668
セブン‐イレブン 那須烏山大金店,那須烏山市,36.66287128055556,140.09666156666665
セブン‐イレブン 宇都宮弥生店,宇都宮市,36.542913563888895,139.86758148055554
セブン‐イレブン 上三川本郷台団地前店,上三川町,36.48036293611111,139.92050479444444
セブン‐イレブン 鬼怒川立岩店,日光市,36.82303516666666,139.71221925833333
セブン‐イレブン 上三川日産前店,上三川町,36.44563919722222,139.91169490277775
セブン‐イレブン 高根沢花岡店,高根沢町,36.64642136388889,140.01117496944445
セブン‐イレブン 葛生中央西店,佐野市,36.401430822222224,139.60886890277777
セブン‐イレブン 石橋下古山店,下野市,36.447054425,139.86142968055555
セブン‐イレブン 小山土塔店,小山市,36.30176863611111,139.8218124611111
セブン‐イレブン 足利岩井町店,足利市,36.326930805555556,139.46193380555556
セブン‐イレブン 氏家桜野店,さくら市,36.687859188888886,139.979954225
セブン‐イレブン 真岡長田店,真岡市,36.437511297222215,139.96207445555555
セブン‐イレブン 宇都宮簗瀬町店,宇都宮市,36.54323099166667,139.90338145833334
セブン‐イレブン 佐野朱雀町店,佐野市,36.32695932777778,139.57614381944444
セブン‐イレブン 佐野厄よけ大師前店,佐野市,36.31162100277778,139.56930912222222
セブン‐イレブン 西那須野南赤田店,那須塩原市,36.90605803611111,139.9536045638889
セブン‐イレブン 栃木駅南店,栃木市,36.369385199999996,139.73175813333336
セブン‐イレブン 佐野工業団地店,佐野市,36.30547520277778,139.59343265555555
セブン‐イレブン 宇都宮鶴田三の沢店,宇都宮市,36.56454945277778,139.85418123333335
セブン‐イレブン 大田原本町１丁目店,大田原市,36.873806208333335,140.01366396944445
セブン‐イレブン 高根沢仁井田店,高根沢町,36.651819027777776,140.02859877777777
セブン‐イレブン 宇都宮御幸ケ原町店,宇都宮市,36.58882083333334,139.92114966944445
セブン‐イレブン 宇都宮双葉店,宇都宮市,36.52847832222222,139.86158730555556
セブン‐イレブン 足利八幡町店,足利市,36.32272452777778,139.43606705833332
セブン‐イレブン 南河内緑店,下野市,36.38731955277778,139.85424145555555
セブン‐イレブン 足利島田町店,足利市,36.30066950555556,139.4517437972222
セブン‐イレブン 壬生国谷店,壬生町,36.44832238055556,139.81966169722222
セブン‐イレブン 宇都宮平出工業団地店,宇都宮市,36.58199200833333,139.93548668055556
セブン‐イレブン 宇都宮元今泉店,宇都宮市,36.56290105833333,139.90414965
セブン‐イレブン 宇都宮越戸１丁目店,宇都宮市,36.56550188611111,139.92559734444444
セブン‐イレブン 鹿沼上材木町店,鹿沼市,36.569040655555554,139.7433884111111
セブン‐イレブン 足利葉鹿１丁目店,足利市,36.362678236111115,139.39316305277777
セブン‐イレブン 小山東間々田店,小山市,36.26325374444444,139.76944459444442
セブン‐イレブン 上三川上蒲生店,上三川町,36.45094146388889,139.90536001944443
セブン‐イレブン 大平西野田店,栃木市,36.32863913055556,139.7129245611111
セブン‐イレブン 宇都宮東今泉店,宇都宮市,36.56902093055555,139.91047909444447
セブン‐イレブン 足利福富町店,足利市,36.30858043611111,139.4810384222222
セブン‐イレブン 宇都宮清原台みなみ店,宇都宮市,36.54560870833333,140.0015826833333
セブン‐イレブン 田沼吉水駅前店,佐野市,36.34851475833334,139.5781842388889
セブン‐イレブン 佐野田沼町店,佐野市,36.364846225,139.57504467777778
セブン‐イレブン 宇都宮宇商通り店,宇都宮市,36.56810889444444,139.88957004444444
セブン‐イレブン 宇都宮西２丁目店,宇都宮市,36.558634366666666,139.87556315555557
セブン‐イレブン 宇都宮雀宮１丁目店,宇都宮市,36.49131926666667,139.87536622222223
セブン‐イレブン 足利借宿店,足利市,36.327827247222224,139.42906874166667
セブン‐イレブン 上三川役場前店,上三川町,36.43998411388889,139.90795765277778
セブン‐イレブン 石橋花の木店,下野市,36.43243688333334,139.86098040277778
セブン‐イレブン 宇都宮戸祭４丁目店,宇都宮市,36.577409938888884,139.8608826388889
セブン‐イレブン 宇都宮簗瀬中央店,宇都宮市,36.54326408888889,139.89241020833333
セブン‐イレブン 佐野奈良渕店,佐野市,36.333283405555555,139.58316564166668
セブン‐イレブン 河内金井台店,宇都宮市,36.600372961111105,139.93276459166665
セブン‐イレブン 宇都宮鶴田中央店,宇都宮市,36.56131701666667,139.85114277222223
セブン‐イレブン 小山中里店,小山市,36.289994577777776,139.7352958638889
セブン‐イレブン 黒磯稲村店,那須塩原市,36.98157016944444,140.02709318055554
セブン‐イレブン 佐野赤坂町店,佐野市,36.3002726,139.56823781111112
セブン‐イレブン 今市木和田島店,日光市,36.68577222222222,139.7500734388889
セブン‐イレブン 小山大行寺店,小山市,36.31575691388889,139.789454075
セブン‐イレブン 小山間々田店,小山市,36.27757262777777,139.77380672500001
セブン‐イレブン 大平西水代店,栃木市,36.311367427777775,139.71260884444445
セブン‐イレブン 塩原接骨木店,那須塩原市,36.91505498055555,139.9643530611111
セブン‐イレブン 西那須野西小前店,那須塩原市,36.893951747222225,139.95113632222223
セブン‐イレブン 鹿沼木工団地前店,鹿沼市,36.55584582777778,139.782143625
セブン‐イレブン 宇都宮簗瀬城東小前店,宇都宮市,36.55074152222222,139.90182558055557
セブン‐イレブン 那須伊王野店,那須町,36.956567086111114,140.15580674722224
セブン‐イレブン 宇都宮砂田町店,宇都宮市,36.50541559166666,139.90947871666665
セブン‐イレブン 宇都宮陽東５丁目店,宇都宮市,36.55851662777778,139.93368677777778
セブン‐イレブン 小山城北店,小山市,36.328850475,139.81978241944444
セブン‐イレブン 足利八椚町店,足利市,36.32088806388889,139.48860423611112
セブン‐イレブン 真岡鬼怒ケ丘店,真岡市,36.46168898055555,139.9640011027778
セブン‐イレブン 宇都宮岩曽町店,宇都宮市,36.585238144444446,139.90484301944446
セブン‐イレブン 小山雨ヶ谷新田店,小山市,36.29357469722222,139.82100531666669
セブン‐イレブン 大田原上奥沢店,大田原市,36.86874416944444,140.0569417388889
セブン‐イレブン 小山神鳥谷１丁目店,小山市,36.301831119444444,139.79082964444444
セブン‐イレブン 茂木バイパス店,茂木町,36.52795103888889,140.17096415833333
セブン‐イレブン 宇都宮上欠町店,宇都宮市,36.54602035,139.82264246388888
セブン‐イレブン 喜連川寿町店,さくら市,36.72283151111111,140.0263425611111
セブン‐イレブン 小山犬塚北店,小山市,36.325965875,139.82776785833332
セブン‐イレブン 鹿沼インター東店,鹿沼市,36.54109334166667,139.81586338888889
セブン‐イレブン 壬生大師町店,壬生町,36.43079046111111,139.80284103333332
セブン‐イレブン 矢板中店,矢板市,36.81140886666667,139.94461666666666
セブン‐イレブン 粟野久野店,鹿沼市,36.516895072222226,139.68560544444443
セブン‐イレブン 足利山川町店,足利市,36.32159828888889,139.4801634861111
セブン‐イレブン さくら氏家店,さくら市,36.712075488888885,139.9673213
セブン‐イレブン 宇都宮駒生運動公園前店,宇都宮市,36.56704105277778,139.84849233333335
セブン‐イレブン 芳賀祖母井店,芳賀町,36.54572904444444,140.061799025
セブン‐イレブン 宇都宮上籠谷店,宇都宮市,36.52922502222222,139.96511478055555
セブン‐イレブン 宇都宮砥上南店,宇都宮市,36.54218531111111,139.84516120833334
セブン‐イレブン 宇都宮下荒針町店,宇都宮市,36.56564643611111,139.83806272222222
セブン‐イレブン 西那須野南郷屋店,那須塩原市,36.89142826388889,139.98717672222222
セブン‐イレブン 茂木増井店,茂木町,36.534098025,140.1971966527778
セブン‐イレブン 大田原親園店,大田原市,36.82330272777778,140.01205004166667
セブン‐イレブン 河内奈坪台店,宇都宮市,36.610091708333336,139.9366854361111
セブン‐イレブン 足利江川町３丁目店,足利市,36.356110980555556,139.46541379166666
セブン‐イレブン 小山西城南５丁目店,小山市,36.291918375,139.79464650833333
セブン‐イレブン 足利問屋団地店,足利市,36.30897139444444,139.46711423333332
セブン‐イレブン 河内下岡本店,宇都宮市,36.600698783333335,139.94978771944446
セブン‐イレブン 栃木城内町２丁目店,栃木市,36.37537391388889,139.74911073055554
セブン‐イレブン 真岡下籠谷店,真岡市,36.466623213888894,139.991587775
セブン‐イレブン 藤岡町藤岡店,栃木市,36.249534383333334,139.64992957500002
セブン‐イレブン 小山下河原田店,小山市,36.31318599722222,139.7409754916667
セブン‐イレブン 小山西黒田店,小山市,36.26630420833334,139.78070713055556
セブン‐イレブン さくら喜連川店,さくら市,36.71024741666667,140.02497682222221
セブン‐イレブン 佐野出流原店,佐野市,36.36364833888889,139.54637296388887
セブン‐イレブン 宇都宮環状線北店,宇都宮市,36.59323473333333,139.91174406944447
セブン‐イレブン 宇都宮西川田２丁目店,宇都宮市,36.51549916388889,139.854505725
セブン‐イレブン 烏山バイパス店,那須烏山市,36.66307051111111,140.16047151666666
セブン‐イレブン 大平ぶどう団地店,栃木市,36.34980064166667,139.70254749166668
セブン‐イレブン 今市豊田店,日光市,36.732742711111115,139.70457008055556
セブン‐イレブン 那須塩原東小屋店,那須塩原市,36.930641908333335,140.02670757777778
セブン‐イレブン 宇都宮東今泉２丁目店,宇都宮市,36.55916356666667,139.92020753333333
セブン‐イレブン 栃木泉川町店,栃木市,36.38967897222222,139.70988643055554
セブン‐イレブン 宇都宮東谷町店,宇都宮市,36.48185424722222,139.89789489722222
セブン‐イレブン 宇都宮今宮店,宇都宮市,36.51549396111111,139.86797136388887
セブン‐イレブン 栃木駅前通り店,栃木市,36.37349526388889,139.73050208333333
セブン‐イレブン 那珂川町馬頭店,那珂川町,36.73467311666667,140.16731051388888
セブン‐イレブン 宇都宮インターパーク店,宇都宮市,36.502013391666665,139.90474145
セブン‐イレブン 日光七里店,日光市,36.74351498888889,139.63503472222223
セブン‐イレブン 岩舟和泉店,栃木市,36.31976541388889,139.66717464444443
セブン‐イレブン 矢板下太田店,矢板市,36.815487705555554,139.9188633861111
セブン‐イレブン 佐野米山南町店,佐野市,36.32144606666667,139.6050752222222
セブン‐イレブン 大田原今泉店,大田原市,36.897672569444445,140.01819335
セブン‐イレブン 宇都宮鶴田バイパス店,宇都宮市,36.561439316666664,139.85724547222222
セブン‐イレブン 鹿沼御成橋町店,鹿沼市,36.580206,139.75287551666668
セブン‐イレブン 塩谷大宮店,塩谷町,36.74883343611111,139.87774969166668
セブン‐イレブン 佐野栃本町店,佐野市,36.36239077222222,139.58677141944446
セブン‐イレブン 小山卒島店,小山市,36.35234384444445,139.76168639166664
セブン‐イレブン 那須黒田原店,那須町,37.01982558611111,140.11305690833333
セブン‐イレブン 宇都宮一条店,宇都宮市,36.55550936666666,139.87901035555555
セブン‐イレブン 藤岡町都賀店,栃木市,36.27561433055556,139.62744335833332
セブン‐イレブン 市貝赤羽店,市貝町,36.528647750000005,140.06114143333332
セブン‐イレブン 真岡飯貝店,真岡市,36.477553469444445,140.0196187638889
セブン‐イレブン 佐野村上町店,佐野市,36.30079980277778,139.54154195277778
セブン‐イレブン 日光瀬尾店,日光市,36.73606470833333,139.6936994611111
セブン‐イレブン 宇都宮上田原店,宇都宮市,36.64171151666667,139.89901577499998
セブン‐イレブン 真岡寺内店,真岡市,36.399566005555556,139.97089546666666
セブン‐イレブン 宇都宮下栗新４号南店,宇都宮市,36.52223074722222,139.9233324888889
セブン‐イレブン 宇都宮下田原店,宇都宮市,36.61428706388889,139.90200826944442
セブン‐イレブン 宇都宮中戸祭店,宇都宮市,36.57945617777777,139.8691018111111
セブン‐イレブン 鹿沼晃望台店,鹿沼市,36.55781206666666,139.7663835888889
セブン‐イレブン 真岡田島店,真岡市,36.46000051111111,140.03466099166667
セブン‐イレブン 都賀大柿店,栃木市,36.451201499999996,139.69319653611112
セブン‐イレブン 佐野城北店,佐野市,36.32181482777778,139.58046881944446
セブン‐イレブン 宇都宮石井東店,宇都宮市,36.544643380555556,139.9397862638889
セブン‐イレブン 小山出井店,小山市,36.34015677777778,139.847138225
セブン‐イレブン 足利工大高校通り店,足利市,36.31608677777778,139.45880446666666
セブン‐イレブン 壬生あけぼの町店,壬生町,36.466259819444446,139.82611283333335
セブン‐イレブン 岩舟静和店,栃木市,36.328813775,139.68669943055556
セブン‐イレブン 下野下古山東店,下野市,36.452598925000004,139.86636858055556
セブン‐イレブン 藤岡町大前店,栃木市,36.278464461111106,139.65946391388889
セブン‐イレブン 宇都宮上戸祭南店,宇都宮市,36.589260788888886,139.86990154444445
セブン‐イレブン 那須池田店,那須町,37.05602821388889,140.03686579444445
セブン‐イレブン 足利伊勢町店,足利市,36.33324020833333,139.45471799166668
セブン‐イレブン 下野上三川店,上三川町,36.42911334722222,139.91115948333334
セブン‐イレブン 宇都宮平出バイパス店,宇都宮市,36.56503838611111,139.94212942222222
セブン‐イレブン 鹿沼府中町店,鹿沼市,36.56515221666667,139.75862332222223
セブン‐イレブン 小山神山店,小山市,36.30310928611111,139.80225892500002
セブン‐イレブン 宇都宮陽南通り店,宇都宮市,36.53327577222222,139.87259205555554
セブン‐イレブン 宇都宮さいわい店,宇都宮市,36.554336811111106,139.86790843611112
セブン‐イレブン 西方バイパス店,栃木市,36.46957354722222,139.74257506944443
セブン‐イレブン 宇都宮刈沼店,宇都宮市,36.57028051944444,139.98722449166667
セブン‐イレブン 益子七井西店,益子町,36.495438147222224,140.0831421
セブン‐イレブン 小山城東７丁目店,小山市,36.30891957777778,139.81765518333333
セブン‐イレブン 小山田間店,小山市,36.26567506111111,139.82526884444445
セブン‐イレブン 栃木小金井駅東店,下野市,36.37496834722222,139.8462712611111
セブン‐イレブン 宇都宮岡本中央店,宇都宮市,36.601228855555554,139.94132201388888
セブン‐イレブン 下野祇園店,下野市,36.39263107777778,139.86155729722222
セブン‐イレブン 宇都宮姿川店,宇都宮市,36.528966966666665,139.8483383027778
セブン‐イレブン 高根沢町上高根沢店,高根沢町,36.59503369722223,140.0307477
セブン‐イレブン 小山花垣店,小山市,36.322511991666666,139.80675794722222
セブン‐イレブン 宇都宮下平出店,宇都宮市,36.557855775,139.94511320277778
セブン‐イレブン 栃木惣社町店,栃木市,36.40322375555556,139.78980658611113
セブン‐イレブン 日光土沢店,日光市,36.695833972222225,139.73874915
セブン‐イレブン 大田原中央２丁目店,大田原市,36.866843302777774,140.02005331111113
セブン‐イレブン 栃木平柳店,栃木市,36.39398244444444,139.74477691944446
セブン‐イレブン 那須塩原井口店,那須塩原市,36.912233666666665,139.9946701833333
セブン‐イレブン 宇都宮一里南店,宇都宮市,36.51663585,139.87765393333333
セブン‐イレブン 日光七本桜店,日光市,36.724988100000004,139.70055117222222
セブン‐イレブン 宇都宮川田町店,宇都宮市,36.53504819166667,139.8906827888889
セブン‐イレブン 高根沢光陽台店,高根沢町,36.615636369444445,139.98620033055556
セブン‐イレブン 宇都宮御幸小学校前店,宇都宮市,36.57566485277778,139.92700505
セブン‐イレブン 小山荒井店,小山市,36.352338438888886,139.8365362388889
セブン‐イレブン 栃木運動公園前店,栃木市,36.39823927222223,139.72584234444443
セブン‐イレブン 足利山前店,足利市,36.34491936111111,139.41329790833333
セブン‐イレブン 足利坂西中央店,足利市,36.367258577777775,139.38113634166666
セブン‐イレブン 宇都宮若松原店,宇都宮市,36.502070797222224,139.86738059722222
セブン‐イレブン 岩舟５０号バイパス店,栃木市,36.31396517222222,139.6568787861111
セブン‐イレブン 足利朝倉町店,足利市,36.32257172777778,139.44615325833334
セブン‐イレブン 佐野富岡町店,佐野市,36.31444665833333,139.5948683611111
セブン‐イレブン 大平中央小前店,栃木市,36.332961286111114,139.7043120222222
セブン‐イレブン 佐野田沼北店,佐野市,36.374067525,139.57459155833334
セブン‐イレブン 宇都宮東宿郷店,宇都宮市,36.55706848888889,139.90777795555556
セブン‐イレブン 鹿沼花岡町店,鹿沼市,36.55605824444444,139.7358468777778
セブン‐イレブン 足利大月町店,足利市,36.35187905555556,139.47971319444446
セブン‐イレブン 鹿沼西沢町店,鹿沼市,36.51900673611111,139.70924993333333
セブン‐イレブン 宇都宮下砥上店,宇都宮市,36.535122466666664,139.84853550277776
セブン‐イレブン 那須一軒茶屋店,那須町,37.082201983333334,140.01328918055557
セブン‐イレブン 足利寺岡店,足利市,36.31422605555555,139.53583576388888
セブン‐イレブン 宇都宮大工町店,宇都宮市,36.56024033055556,139.8904372
セブン‐イレブン 白鴎大学本キャンパス店,小山市,36.31221568611111,139.80717226944444
セブン‐イレブン 益子中央店,益子町,36.46739246111111,140.09717752777777
セブン‐イレブン 小山駅西口店,小山市,36.31352398611111,139.80634726944444
セブン‐イレブン 鹿沼西茂呂店,鹿沼市,36.54656026944445,139.76688946944446
セブン‐イレブン 栃木平井町店,栃木市,36.371144908333335,139.71025356666667
セブン‐イレブン 野木富士見通り店,野木町,36.228334275,139.72646573333336
セブン‐イレブン 鹿沼インター西店,鹿沼市,36.54818888055555,139.79195404722225
セブン‐イレブン 小山城東４丁目店,小山市,36.31786396388889,139.82242901944443
セブン‐イレブン 小山神鳥谷４丁目店,小山市,36.29535341944444,139.78756294444446
セブン‐イレブン 鹿沼仁神堂店,鹿沼市,36.576654452777774,139.76374970833334
セブン‐イレブン 栃木大平蔵井店,栃木市,36.34369084166667,139.71701314722222
セブン‐イレブン 鹿沼栄町店,鹿沼市,36.54946075,139.77580790000002
セブン‐イレブン 宇都宮若松原２丁目店,宇都宮市,36.49789579722222,139.86934719722223
セブン‐イレブン 栃木泉町西店,栃木市,36.38656024444444,139.73521301944444
セブン‐イレブン 那須烏山中央店,那須烏山市,36.655951719444445,140.1521394222222
セブン‐イレブン 宇都宮戸祭１丁目店,宇都宮市,36.571279338888885,139.8694993388889
セブン‐イレブン 日光インター店,日光市,36.74403695555556,139.62451940277776
セブン‐イレブン 佐野大橋町店,佐野市,36.31379296111111,139.55782943055556
セブン‐イレブン 宇都宮中今泉店,宇都宮市,36.57096956388889,139.90859631944446
セブン‐イレブン 塩谷田所店,塩谷町,36.77798029722222,139.86271365000002
セブン‐イレブン 芳賀西水沼店,芳賀町,36.52527831944444,140.02466773611113
セブン‐イレブン 小山大谷東店,小山市,36.28003141944444,139.81657767500002
セブン‐イレブン 宇都宮陽東８丁目店,宇都宮市,36.55228957777778,139.93359270555555
セブン‐イレブン 宇都宮鐺山店,宇都宮市,36.53258955555555,139.97869452222224
セブン‐イレブン 宇都宮細谷店,宇都宮市,36.59003541388889,139.84912459444445
セブン‐イレブン 上都賀総合病院店,鹿沼市,36.56125036388889,139.7506346361111
セブン‐イレブン 大田原町島店,大田原市,36.879516744444444,140.03190135
セブン‐イレブン 足利大町店,足利市,36.33829520555556,139.45734304722222
セブン‐イレブン 鹿沼千渡店,鹿沼市,36.56341151111111,139.7796877527778
セブン‐イレブン 都賀インター南店,栃木市,36.428513486111115,139.75278896944442
セブン‐イレブン さくら卯の里４丁目店,さくら市,36.67828489166667,139.96007801666667
セブン‐イレブン さくら馬場北店,さくら市,36.69530508888889,139.96294135277776
セブン‐イレブン 栃木大塚町店,栃木市,36.40260996944445,139.76558352222222
セブン‐イレブン 塩原インター西店,那須塩原市,36.942370686111104,139.90576369444443
セブン‐イレブン 大田原浅香３丁目店,大田原市,36.85507454444444,140.02044819722224
セブン‐イレブン 那須田代店,那須町,37.02633454444444,140.02508696666666
セブン‐イレブン 栃木大平下高島店,栃木市,36.337180222222216,139.73985525
セブン‐イレブン 宇都宮中里西店,宇都宮市,36.673770733333335,139.888841125
セブン‐イレブン 宇都宮下戸祭店,宇都宮市,36.570738166666665,139.8779901138889
セブン‐イレブン 壬生総合運動公園北店,壬生町,36.46644793055555,139.80794560555557
セブン‐イレブン 今市中央店,日光市,36.72462381388889,139.68712755555555
セブン‐イレブン 西真岡店,真岡市,36.44840840277778,139.99554678888887
セブン‐イレブン 矢板鹿島町店,矢板市,36.80374745833333,139.92512084444445
セブン‐イレブン 宇都宮ミツトヨ前店,宇都宮市,36.53340721388889,139.91496955833333
セブン‐イレブン 宇都宮岩曽東店,宇都宮市,36.58374680833334,139.91465848055554
セブン‐イレブン 日光森友バイパス店,日光市,36.718753355555556,139.71922555833333
セブン‐イレブン 那須塩原黒磯バイパス店,那須塩原市,36.97037745,140.0678564861111
セブン‐イレブン 小山生駒店,小山市,36.318564075,139.7553466138889
セブン‐イレブン 大田原美原店,大田原市,36.85622131388889,140.00241879444445
セブン‐イレブン 鹿沼白桑田店,鹿沼市,36.56331227777778,139.80039091944445
セブン‐イレブン 小山喜沢店,小山市,36.33933006388889,139.81701867499999
セブン‐イレブン 日光大沢町店,日光市,36.70109812222222,139.7534142861111
セブン‐イレブン 宇都宮徳次郎店,宇都宮市,36.64932796944445,139.84132610555554
セブン‐イレブン 日光板橋店,日光市,36.68437996666666,139.72388278611112
セブン‐イレブン 宇都宮滝谷町店,宇都宮市,36.549804297222224,139.862456125
セブン‐イレブン 足利利保店,足利市,36.34988393333334,139.46942239722222
セブン‐イレブン 鹿沼下田町店,鹿沼市,36.560139263888885,139.75267903611112
セブン‐イレブン 壬生おもちゃのまち駅東店,壬生町,36.46982275277777,139.83312364444444
セブン‐イレブン 佐野堀米東店,佐野市,36.32261519722222,139.59015666666667
セブン‐イレブン 足利堀込南店,足利市,36.306104427777775,139.43255755833334
セブン‐イレブン 小山犬塚６丁目店,小山市,36.300904736111114,139.83418186111112
セブン‐イレブン 足利山下東店,足利市,36.349216561111106,139.41379790833332
セブン‐イレブン 足利山下町店,足利市,36.35542111388889,139.40371236666667
セブン‐イレブン 宇都宮若草３丁目店,宇都宮市,36.58516727777778,139.8621907111111
セブン‐イレブン 宇都宮下川俣店,宇都宮市,36.59179303333334,139.91780796944445
セブン‐イレブン 小山乙女店,小山市,36.26155374444444,139.76075569444444
セブン‐イレブン 宇都宮一の沢店,宇都宮市,36.57302065277778,139.85585296944444
セブン‐イレブン 黒磯中央店,那須塩原市,36.96708373055556,140.04672165833335
セブン‐イレブン 鹿沼警察署前店,鹿沼市,36.551415225,139.7550654
セブン‐イレブン 那須塩原唐杉店,那須塩原市,36.94824744722222,140.00604888888887
セブン‐イレブン 大田原野崎店,大田原市,36.84505111111111,139.95161635555556
セブン‐イレブン 那須塩原太夫塚店,那須塩原市,36.88477877777778,139.97476735277777
セブン‐イレブン 栃木インター店,栃木市,36.400266586111115,139.7153414
セブン‐イレブン 栃木大森町店,栃木市,36.41703608611111,139.69428213055556
セブン‐イレブン 足利大学前店,足利市,36.35505721388889,139.39693186666668
セブン‐イレブン 小山駅南５丁目店,小山市,36.302701355555556,139.81407743055556
セブン‐イレブン 宇都宮山本１丁目店,宇都宮市,36.578523813888886,139.89037477222223
セブン‐イレブン 那須塩原駅西口店,那須塩原市,36.932919169444446,140.01827555277777
セブン‐イレブン 足利助戸１丁目店,足利市,36.329338225,139.46875048333334
セブン‐イレブン 北真岡店,真岡市,36.44724005277777,140.02203741388888
セブン‐イレブン 宇都宮インターパーク西店,宇都宮市,36.491575463888886,139.89858901666665
セブン‐イレブン 鹿沼流通センター店,鹿沼市,36.52617746666667,139.79131920277777
セブン‐イレブン 宇都宮滝の原店,宇都宮市,36.54510709722222,139.863731125
セブン‐イレブン 壬生上稲葉店,壬生町,36.446346194444445,139.78181184722223
セブン‐イレブン ＫＯＹＯ栃木県立がんセンター店,宇都宮市,36.534236622222224,139.86931230555555
セブン‐イレブン 野木友沼小学校前店,野木町,36.24346121111112,139.73676470277778
セブン‐イレブン 宇都宮平松本町店,宇都宮市,36.54279268055556,139.91697766944444
セブン‐イレブン 上三川多功店,上三川町,36.42316008611112,139.87163356666667
セブン‐イレブン 宇都宮上鶴田店,宇都宮市,36.55098184166667,139.85609318333334
セブン‐イレブン 宇都宮石井南店,宇都宮市,36.53794580555556,139.92657086944442
セブン‐イレブン 矢板木幡店,矢板市,36.78500056944445,139.92739726944444
セブン‐イレブン 足利福居町店,足利市,36.313817377777774,139.45244336666667
セブン‐イレブン 小山市小山店,小山市,36.29413029722222,139.81283301666667
セブン‐イレブン 佐野５０号バイパス店,佐野市,36.29229646388889,139.58559109722222
セブン‐イレブン 佐野本町店,佐野市,36.313674,139.5748360277778
セブン‐イレブン 小山駅南町１丁目店,小山市,36.30492773333334,139.80906430277776
セブン‐イレブン 大田原実取店,大田原市,36.83555641666666,139.9801368
セブン‐イレブン 矢板富田店,矢板市,36.798382266666664,139.93447819722223
セブン‐イレブン 鬼怒川バイパス店,日光市,36.78048411666667,139.70470784166667
セブン‐イレブン 野木丸林店,野木町,36.23389831388889,139.745114775
セブン‐イレブン 石橋大光寺店,下野市,36.426973608333334,139.85217321666667
セブン‐イレブン 真岡八木岡店,真岡市,36.42817421944444,139.99387248333335
セブン‐イレブン 鹿沼茂呂南店,鹿沼市,36.53778137777778,139.79415448055556
セブン‐イレブン 野木運動公園通り店,野木町,36.223050075,139.7697768777778
セブン‐イレブン 壬生バイパス店,壬生町,36.43145128888889,139.794711325
セブン‐イレブン 那須塩原東三島店,那須塩原市,36.89727947222222,139.97579420555556
セブン‐イレブン 鹿沼樅山店,鹿沼市,36.53305331111111,139.74710181111112
セブン‐イレブン 益子西店,益子町,36.47803553611111,140.07907097222224
セブン‐イレブン 鹿沼上日向店,鹿沼市,36.56395357777778,139.718243675
セブン‐イレブン 上三川梁店,上三川町,36.42842350833333,139.88531754722223
セブン‐イレブン 宇都宮屋板町店,宇都宮市,36.51464175555556,139.89461696666666
セブン‐イレブン 矢板片岡店,矢板市,36.753504158333335,139.94767899166666
セブン‐イレブン 大田原浅香４丁目店,大田原市,36.85549954444444,140.01245649722222
セブン‐イレブン 今市本町店,日光市,36.71772180833333,139.69594199444447
セブン‐イレブン 小山犬塚１丁目店,小山市,36.31001766111111,139.82919020555556
セブン‐イレブン 大田原野崎十字路店,大田原市,36.83930766666666,139.95908331944446
セブン‐イレブン 石橋上古山店,下野市,36.47094039722222,139.86004821944445
セブン‐イレブン 大田原蛭田店,大田原市,36.82353507222222,140.07895298055556
セブン‐イレブン 足利朝倉南店,足利市,36.31554225,139.44392831944444
セブン‐イレブン 宇都宮馬場通り店,宇都宮市,36.56133473055556,139.88663720000002
セブン‐イレブン 真岡市役所前店,真岡市,36.44147395833333,140.01485562777776
セブン‐イレブン 宇都宮ゆいの杜北店,宇都宮市,36.57495831944444,139.99292169166668
セブン‐イレブン 小山羽川北店,小山市,36.369433227777776,139.8370025111111
セブン‐イレブン 高根沢中央店,高根沢町,36.619022469444445,139.99129473055555
セブン‐イレブン 芳賀三日市店,芳賀町,36.55798886388889,140.0263018111111
セブン‐イレブン 壬生安塚店,壬生町,36.48453554722222,139.8318622388889
セブン‐イレブン 鹿沼緑町店,鹿沼市,36.556348166666666,139.77090858888891
セブン‐イレブン 日光猪倉店,日光市,36.66273250555555,139.7822985472222
セブン‐イレブン 那須塩原木綿畑店,那須塩原市,36.99195332777778,139.94112030277776
セブン‐イレブン 小山犬塚４丁目店,小山市,36.31112948055556,139.83450854999998
セブン‐イレブン 那須塩原南町店,那須塩原市,36.88154306111111,139.98852149166666
セブン‐イレブン 下野花見ヶ岡店,下野市,36.391804155555555,139.80378133888888
セブン‐イレブン 宇都宮長岡百穴店,宇都宮市,36.59763022777778,139.88668239999998
セブン‐イレブン 宇都宮石那田店,宇都宮市,36.666936783333334,139.83167628333334
セブン‐イレブン 栃木都賀北店,栃木市,36.44753934722222,139.75653879722225
セブン‐イレブン 宇都宮テクノポリス店,宇都宮市,36.56774304166667,140.00178743055557
セブン‐イレブン ＫＯＹＯ芳賀赤十字病院店,真岡市,36.451564675,140.0123443
セブン‐イレブン 小山中島橋西店,小山市,36.31868276111111,139.89715603333335
セブン‐イレブン 矢板中南店,矢板市,36.80418936666667,139.94166946666667
セブン‐イレブン 大田原黒羽田町店,大田原市,36.85986896944444,140.12266190555556
セブン‐イレブン 小山雨ケ谷西店,小山市,36.27908367777778,139.8078065111111
セブン‐イレブン 宇都宮宝木中央店,宇都宮市,36.606763844444444,139.85076569444445
セブン‐イレブン 宇都宮下栗平成通り店,宇都宮市,36.537798180555555,139.90969146944445
セブン‐イレブン 宇都宮横川中学校前店,宇都宮市,36.51702533611111,139.90262690833333
セブン‐イレブン 栃木岩舟静店,栃木市,36.31836797222222,139.6526204861111
セブン‐イレブン 那須高原スマートインター入口店,那須町,37.052791577777775,140.10665717499998
セブン‐イレブン 足利赤松台入口店,足利市,36.35976648055556,139.46910269166668
セブン‐イレブン 宇都宮柳田町店,宇都宮市,36.56620828333333,139.95609499444444
セブン‐イレブン 小山平和店,小山市,36.25613801666667,139.76410315555557
セブン‐イレブン 宇都宮駅前通り３丁目店,宇都宮市,36.55787128888889,139.89691125555555
セブン‐イレブン 宇都宮平出東店,宇都宮市,36.57049858888889,139.93815950277778
セブン‐イレブン 真岡大谷本町店,真岡市,36.43601066111111,139.99897114722222
セブン‐イレブン 大田原乙連沢店,大田原市,36.92160493611111,140.0625053
セブン‐イレブン 宇都宮陽東２丁目店,宇都宮市,36.555080427777774,139.92585617777777
セブン‐イレブン 那須塩原島方店,那須塩原市,36.93578026944444,140.01072555277779
セブン‐イレブン 宇都宮西店,宇都宮市,36.581369461111116,139.83897020555554
セブン‐イレブン 宇都宮竹林町店,宇都宮市,36.577852863888886,139.90648241944444
セブン‐イレブン 宇都宮田下町店,宇都宮市,36.60551004166667,139.81711027222224
セブン‐イレブン 那須塩原新南店,那須塩原市,36.882754733333336,139.99842864722223
セブン‐イレブン 小山東城南５丁目店,小山市,36.28748029722222,139.81204421666666
セブン‐イレブン 宇都宮問屋町店,宇都宮市,36.53165493611111,139.92659333333333
セブン‐イレブン 足利東山店,足利市,36.335854925,139.47093928333334
セブン‐イレブン 栃木大宮町店,栃木市,36.396701416666666,139.75371827499998
セブン‐イレブン 真岡上高間木１丁目店,真岡市,36.44561120277778,139.98762458888888
セブン‐イレブン 宇都宮テラス店,宇都宮市,36.55933518888889,139.90047515555557
セブン‐イレブン 佐野高萩町店,佐野市,36.29992378888889,139.59715919444446
セブン‐イレブン 佐野田沼西店,佐野市,36.367873816666666,139.56875685833333
セブン‐イレブン 宇都宮海道町店,宇都宮市,36.605541366666664,139.924639275
セブン‐イレブン 中田原工業団地南店,大田原市,36.86882716666666,140.03961215555557
セブン‐イレブン 下野本吉田店,下野市,36.36966860277777,139.90842145833335
セブン‐イレブン 大田原女子高前店,大田原市,36.86166855555555,140.03192985277778
セブン‐イレブン 小山三拝川岸店,小山市,36.35541712777778,139.81858795555556
セブン‐イレブン 栃木神田町店,栃木市,36.377323455555555,139.7426563027778
セブン‐イレブン 高根沢宝積寺店,高根沢町,36.62812809166667,139.97761470555554
セブン‐イレブン 壬生藤井店,壬生町,36.41550676666667,139.81720990833333
セブン‐イレブン 那珂川町小川店,那珂川町,36.770256502777784,140.12569492777777
セブン‐イレブン 宇都宮簗瀬２丁目店,宇都宮市,36.551279924999996,139.89337371666667
セブン‐イレブン 宇都宮清原台４丁目店,宇都宮市,36.554207375000004,139.99403371944445
セブン‐イレブン 真岡高勢町店,真岡市,36.43462661111111,139.97537089166664
セブン‐イレブン 栃木都賀合戦場店,栃木市,36.40521360277778,139.74226778333332
セブン‐イレブン 小山中央町店,小山市,36.313273986111106,139.80324176944444
セブン‐イレブン 小山喜沢東店,小山市,36.33806118611111,139.82597893055558
セブン‐イレブン 真岡並木店,真岡市,36.443095855555555,140.00187912777778
セブン‐イレブン 日光土沢北店,日光市,36.707340402777774,139.71592619444445
セブン‐イレブン 小山若木町店,小山市,36.32883045,139.80571944166667
セブン‐イレブン 宇都宮東峰町店,宇都宮市,36.54940031388889,139.92093285555558
セブン‐イレブン 壬生安塚小学校前店,壬生町,36.49087344166667,139.82802849444445
セブン‐イレブン 那須塩原戸田店,那須塩原市,37.01321189722222,139.9614921361111
セブン‐イレブン 喜連川工業団地北店,さくら市,36.75233901944445,139.97867709166667
セブン‐イレブン 芳賀祖母井東店,芳賀町,36.541688727777775,140.0727482861111
セブン‐イレブン 黒磯豊浦店,那須塩原市,36.97619364166667,140.04245315277777
セブン‐イレブン さくら熟田小学校前店,さくら市,36.685616072222224,140.00434998333333
セブン‐イレブン 馬頭北向田店,那珂川町,36.745504436111105,140.15212458333332
セブン‐イレブン 宇都宮下川俣西店,宇都宮市,36.592479133333335,139.90971346944445
セブン‐イレブン 那須桜久保店,那須町,37.01063453333333,140.07153095
セブン‐イレブン 宇都宮関堀町店,宇都宮市,36.59279790833334,139.89565770555555
セブン‐イレブン 栃木西方町元店,栃木市,36.45867114166667,139.73396827222223
セブン‐イレブン 宇都宮ゆいの杜５丁目店,宇都宮市,36.56738709166667,139.994780525
セブン‐イレブン 鹿沼仲町店,鹿沼市,36.56435501666667,139.74692332222224
セブン‐イレブン 栃木藤岡町大田和店,栃木市,36.29244276388889,139.63107386666667
セブン‐イレブン 足利羽刈工業団地店,足利市,36.27751727222222,139.46831585555555
セブン‐イレブン 鹿沼千渡西店,鹿沼市,36.56785591111112,139.7766515527778
セブン‐イレブン 宇都宮野沢店,宇都宮市,36.60998054444444,139.85654069444445
セブン‐イレブン 佐野馬門町店,佐野市,36.29334404722222,139.59728915000002
セブン‐イレブン 鹿沼上石川店,鹿沼市,36.52811661388889,139.8008043888889
セブン‐イレブン 大田原寒井店,大田原市,36.911921113888894,140.12217075
セブン‐イレブン 黒磯埼玉店,那須塩原市,36.96600548611111,140.02527880555556
セブン‐イレブン 益子大沢店,益子町,36.491672961111114,140.1040041138889
セブン‐イレブン 那須烏山初音店,那須烏山市,36.64825280833334,140.15509838333332
セブン‐イレブン 宇都宮兵庫塚３丁目店,宇都宮市,36.49982317222222,139.85537586666666
セブン‐イレブン 佐野日大校前店,佐野市,36.35418018888889,139.55658600555554
セブン‐イレブン 西那須野緑店,那須塩原市,36.86907046388889,139.997696075
セブン‐イレブン 黒磯駅西口店,那須塩原市,36.97060776111111,140.05606594166665
セブン‐イレブン 小山神鳥谷店,小山市,36.29574818611111,139.799967325
セブン‐イレブン 宇都宮西一の沢町店,宇都宮市,36.564019188888885,139.85965252777777
セブン‐イレブン 宇都宮白沢町北店,宇都宮市,36.636954080555554,139.93671241388887
セブン‐イレブン 壬生おもちゃのまち店,壬生町,36.46199914722222,139.84609777777777
セブン‐イレブン 佐野日本大学短期大学前店,佐野市,36.30384232222222,139.6054625222222
セブン‐イレブン 足利鹿島店,足利市,36.352544075,139.40310715277778
セブン‐イレブン 高根沢上高根沢西店,高根沢町,36.58706231111111,140.01068800555555
セブン‐イレブン 小山運動公園前店,小山市,36.31844593611111,139.853071425
セブン‐イレブン 塩谷船生店,塩谷町,36.765135227777776,139.79444534722222
セブン‐イレブン 宇都宮西川田南店,宇都宮市,36.51185165277777,139.83950118333334
セブン‐イレブン 小山西城南２丁目店,小山市,36.29906768611111,139.804420125
セブン‐イレブン 宇都宮平出町北店,宇都宮市,36.574807408333335,139.94937501666666
セブン‐イレブン 佐野吉水駅前３丁目店,佐野市,36.34384352777778,139.5736207138889
セブン‐イレブン 栃木寄居町店,栃木市,36.387986625,139.77846673333335
セブン‐イレブン 小山城東店,小山市,36.31552989166667,139.8129409888889
セブン‐イレブン 足利総合グランド前店,足利市,36.34847283333334,139.45964179722222
セブン‐イレブン 宇都宮東簗瀬１丁目店,宇都宮市,36.54275329166667,139.89930645833334
セブン‐イレブン 宇都宮西川田町店,宇都宮市,36.53467246666666,139.85301050277778
セブン‐イレブン 佐野駅前店,佐野市,36.315754600000005,139.5785582277778
セブン‐イレブン 下野小金井店,下野市,36.385061755555554,139.84615947777777
セブン‐イレブン 小川町小川店,那珂川町,36.75192880833333,140.1316485527778
セブン‐イレブン 佐野堀米町店,佐野市,36.32783676388888,139.56682254444445
セブン‐イレブン 真岡石島店,真岡市,36.38804177777778,139.97003467777776
セブン‐イレブン 宇都宮新町１丁目店,宇都宮市,36.550440800000004,139.87383023055554
セブン‐イレブン 足利大久保町店,足利市,36.315353316666666,139.5126848777778
セブン‐イレブン 鹿沼玉田町店,鹿沼市,36.58395560277778,139.74422398333334
セブン‐イレブン 宇都宮細谷北店,宇都宮市,36.596659386111114,139.85286320833333
セブン‐イレブン 足利上渋垂町店,足利市,36.30332419444444,139.46067263333333
セブン‐イレブン 真岡下高間木店,真岡市,36.435893719444444,139.98706408333334
セブン‐イレブン 真岡東光寺１丁目店,真岡市,36.44033277222222,140.02509610555555
セブン‐イレブン 宇都宮中里町店,宇都宮市,36.67810971111111,139.90091760277778
セブン‐イレブン 宇都宮宮の内４丁目店,宇都宮市,36.50038217777777,139.87469367777777
セブン‐イレブン 佐野若宮上町店,佐野市,36.299528852777776,139.58909113888888
セブン‐イレブン 日光久次良町店,日光市,36.74961821388889,139.57820181111111
セブン‐イレブン 宇都宮平松バイパス店,宇都宮市,36.54081719166667,139.90414815833333
セブン‐イレブン 佐野プレミアム・アウトレット店,佐野市,36.29470514722222,139.60575855000002
セブン‐イレブン さくら草川店,さくら市,36.688713819444445,139.94596892222222
セブン‐イレブン 栃木岩舟町店,栃木市,36.31255687222222,139.6543481861111
セブン‐イレブン 足利五十部店,足利市,36.34223695,139.42416070833335
セブン‐イレブン 栃木市泉町店,栃木市,36.38660474444444,139.74000191944447
セブン‐イレブン 佐野伊勢山店,佐野市,36.32131034444444,139.61214898055556
セブン‐イレブン 下野白沢店,宇都宮市,36.62172536388889,139.93262479999999
セブン‐イレブン 宇都宮末広店,宇都宮市,36.482584163888895,139.87225546944444
セブン‐イレブン 宇都宮兵庫塚店,宇都宮市,36.504625044444445,139.85584769444444
